score,alpha,f1,f2
0.034883720930232565,0.0001,smooth_ks3_Rela_0,
0.07142857142857144,0.0001,smooth_ks3_Rela_0,u-co850
