score,alpha,f1,f2
0.02395209580838323,0.0001,smooth_ks9_Rela_1,
0.07692307692307691,0.0001,smooth_ks9_Rela_1,edge_Temp_2
