score,alpha,f1,f2
0.018018018018018018,0.0001,Low cloud cover,
0.021276595744680854,0.0001,Low cloud cover,edge_Rela_2
