score,alpha,f1,f2
0.06896551724137931,0.0001,smooth_ks7_Vert_4,
0.014433962264150942,0.0001,smooth_ks7_Vert_4,v-co900
